id,city,location,units,selected_developer,reported_date,source_ids
CLS-001,קריית אתא,אברהם טביב,~300,גלעד מאי,~2026-08,SRC-016
CLS-002,קריית אתא,סוקולוב/העצמאות,84 -> ~400,גשם החזקות,~2026-01,SRC-015
CLS-003,קריית ביאליק,בן גוריון,18 -> ~100,יסודות איתנים + שותף,~2026-02,SRC-012
CLS-004,חיפה,נווה שאנן (מתחם אסטרטגי),"~2,200",RENEW,2026-04-01,SRC-018
CLS-005,חיפה,לאון בלום-חנה סנש,"~1,030",אזורים,UNKNOWN,SRC-019
CLS-006,חיפה,"נתיב החן, נווה שאנן",~570,E-WAVE,~2025-06,SRC-020
CLS-007,נשר,"המרגניות/צה""ל",152 -> ~800,אאורה,2025-01-05,SRC-021
CLS-008,נשר,UNKNOWN,170 -> ~950,UNKNOWN (תגית: Ewave),2025-04-03,SRC-022
CLS-009,קריית מוצקין,חשמונאים 40-62,"236 -> ~1,200",אאורה,UNKNOWN,SRC-013
CLS-010,קריית מוצקין,דרך עכו/ההגנה/הרצוג,72 -> ~340,אב-גד + Ewave,~2025-04,SRC-014
CLS-011,קריית ביאליק,UNKNOWN,~900,אב-גד + E-WAVE,UNKNOWN,SRC-009
CLS-012,קריית ביאליק,מתחם הגליל,112 -> ~700,אזורים,UNKNOWN,SRC-011
CLS-013,קריית ביאליק,דרום (שפרעם),36 -> ~220,פרופדו,UNKNOWN,SRC-010
CLS-014,קריית ים,"שכונת צה""ל",96 -> 519,רוטשטיין,UNKNOWN,SRC-017
CLS-015,טירת כרמל,UNKNOWN,362,רוטשטיין,~2024-07,SRC-023
CLS-016,טירת כרמל,ז'בוטינסקי-ויצמן-כלניות-נרקיסים,UNKNOWN,נופי רוממה,UNKNOWN,SRC-024
