id,legal_name,group,regions,comparable_projects_and_stages,scale_evidence,finance_evidence_date,eligibility_gaps,official_contact,source_ids,last_checked
DEV-001,אאורה (שם משפטי לא אומת),UNKNOWN,חיפה והקריות (לפי זכיות מדווחות),"קריית מוצקין חשמונאים ~1,200; נשר המרגניות ~800; קריית ביאליק העצמאות ~1,450",לפי זכיות מדווחות בעיתונות; שלב: נבחר במכרז דיירים,UNKNOWN – לא נבדק,UNKNOWN,UNKNOWN – לא אומת,SRC-013;SRC-021;SRC-006,2026-10-10
DEV-002,אזורים (שם משפטי לא אומת),UNKNOWN,חיפה והקריות (לפי זכיות מדווחות),"חיפה לאון בלום ~1,030; קריית ביאליק הגליל ~700",לפי זכיות מדווחות בעיתונות; שלב: נבחר במכרז דיירים,UNKNOWN – לא נבדק,UNKNOWN,UNKNOWN – לא אומת,SRC-019;SRC-011,2026-10-10
DEV-003,אב-גד (שם משפטי לא אומת),UNKNOWN,חיפה והקריות (לפי זכיות מדווחות),קריית ביאליק ~900; קריית מוצקין ~340 (שניהם עם E-WAVE),לפי זכיות מדווחות בעיתונות; שלב: נבחר במכרז דיירים,UNKNOWN – לא נבדק,UNKNOWN,UNKNOWN – לא אומת,SRC-009;SRC-014,2026-10-10
DEV-004,E-WAVE / Ewave Nadlan (שם משפטי לא אומת),UNKNOWN,חיפה והקריות (לפי זכיות מדווחות),חיפה נתיב החן ~570; שותפויות עם אב-גד; אולי נשר ~950,לפי זכיות מדווחות בעיתונות; שלב: נבחר במכרז דיירים,UNKNOWN – לא נבדק,UNKNOWN,UNKNOWN – לא אומת,SRC-020;SRC-009;SRC-022,2026-10-10
DEV-005,רוטשטיין (שם משפטי לא אומת),UNKNOWN,חיפה והקריות (לפי זכיות מדווחות),קריית ים 519; טירת כרמל 362,לפי זכיות מדווחות בעיתונות; שלב: נבחר במכרז דיירים,UNKNOWN – לא נבדק,UNKNOWN,UNKNOWN – לא אומת,SRC-017;SRC-023,2026-10-10
DEV-006,גלעד מאי (שם משפטי לא אומת),UNKNOWN,חיפה והקריות (לפי זכיות מדווחות),קריית אתא אברהם טביב ~300 (העדכני ביותר),לפי זכיות מדווחות בעיתונות; שלב: נבחר במכרז דיירים,UNKNOWN – לא נבדק,UNKNOWN,UNKNOWN – לא אומת,SRC-016,2026-10-10
DEV-007,גשם החזקות (שם משפטי לא אומת),UNKNOWN,חיפה והקריות (לפי זכיות מדווחות),קריית אתא סוקולוב ~400,לפי זכיות מדווחות בעיתונות; שלב: נבחר במכרז דיירים,UNKNOWN – לא נבדק,UNKNOWN,UNKNOWN – לא אומת,SRC-015,2026-10-10
DEV-008,RENEW (שם משפטי לא אומת),UNKNOWN,חיפה והקריות (לפי זכיות מדווחות),"חיפה נווה שאנן ~2,200",לפי זכיות מדווחות בעיתונות; שלב: נבחר במכרז דיירים,UNKNOWN – לא נבדק,UNKNOWN,UNKNOWN – לא אומת,SRC-018,2026-10-10
DEV-009,יסודות איתנים (שם משפטי לא אומת),UNKNOWN,חיפה והקריות (לפי זכיות מדווחות),קריית ביאליק בן גוריון ~100 (פרויקט קטן),לפי זכיות מדווחות בעיתונות; שלב: נבחר במכרז דיירים,UNKNOWN – לא נבדק,UNKNOWN,UNKNOWN – לא אומת,SRC-012,2026-10-10
DEV-010,פרופדו (שם משפטי לא אומת),UNKNOWN,חיפה והקריות (לפי זכיות מדווחות),קריית ביאליק דרום ~220 (פרויקט קטן),לפי זכיות מדווחות בעיתונות; שלב: נבחר במכרז דיירים,UNKNOWN – לא נבדק,UNKNOWN,UNKNOWN – לא אומת,SRC-010,2026-10-10
