source_id,url,publisher,title,published_at,claims,evidence_status,accessed_at,excerpt_or_page
SRC-001,https://haifa.complot.co.il/,עיריית חיפה – אתר הנדסי,"הודעה על כוונה להמליץ על אזור שיקום (מתחם פלי""ם, מתחם שמשון)",2026 (exact UNKNOWN),Haifa published intent notice under s.12 of War Damage Rehabilitation via Urban Renewal Law for Pal-Yam and Shimshon complexes,REPORTED_PRIMARY (seen via search snippet only; page not opened),2026-10-10,search-engine summary only; document not opened (fetch blocked)
SRC-002,https://www.nevo.co.il/law_html/law00/241401.htm,נבו,"חוק שיקום נזקי מלחמה בדרך של התחדשות עירונית, תשפ""ו-2026",2026-03-30 (approved per press),Law text; rehabilitation developer route,REPORTED_PRIMARY (not opened),2026-10-10,search-engine summary only; document not opened (fetch blocked)
SRC-003,https://www.calcalist.co.il/real-estate/article/h1vfinheme,כלכליסט,בעלי דירות במתחמים פגועי טילים יוכלו למכור אותן ליזם,2026 (exact UNKNOWN),Developer selected by 51% per building under the new law,REPORTED_SECONDARY,2026-10-10,search-engine summary only; document not opened (fetch blocked)
SRC-004,https://haipo.co.il/item/377019,חי פה,ארגון וניהול דיירים בפרויקטים של פינוי בינוי – מנשה שמש,~2024-05 (search index: ~865 days),Saadia Gaon neighborhood said to be at developer-tender stage,REPORTED_SECONDARY (sponsored content; stale),2026-10-10,search-engine summary only; document not opened (fetch blocked)
SRC-005,https://haifa.mynet.co.il/local_news/article/bji4nvboa,mynet חיפה,500 דירות חדשות ייבנו בפרויקט פינוי בינוי בקרית שפרינצק,~2024 (early),Saadia Gaon 1-39: Oron Nadlan promoting 133->500 units,REPORTED_SECONDARY,2026-10-10,search-engine summary only; document not opened (fetch blocked)
SRC-006,https://nadlan.walla.co.il/item/3063288,"וואלה נדל""ן","פינוי בינוי ליד הקריון: אאורה תבנה 1,450 דירות בקריית ביאליק",UNKNOWN (older),Ha'atzmaut St: receiver-run tender won by Aura,REPORTED_SECONDARY,2026-10-10,search-engine summary only; document not opened (fetch blocked)
SRC-007,https://krayot.mynet.co.il/real_estate/article/bjc1rdvas,mynet קריות,אין סוף לסחבת: פרויקט פינוי בינוי ברחוב העצמאות שוב נדחה,~2023,Ha'atzmaut project delayed by appeal (Supreme Court hearing Oct 2023),REPORTED_SECONDARY,2026-10-10,search-engine summary only; document not opened (fetch blocked)
SRC-008,https://www.globes.co.il/news/article.aspx?did=1001141427,גלובס,דרוש: יזם רציני למימוש פרויקט פינוי-בינוי גדול בקריית ביאליק,UNKNOWN (old),Large Kiryat Bialik complex sought new developer after dispute with prior developer,REPORTED_SECONDARY (stale; superseded by SRC-006),2026-10-10,search-engine summary only; document not opened (fetch blocked)
SRC-009,https://www.nadlancenter.co.il/article/12985,"מרכז הנדל""ן",עד 25 קומות בקריית ביאליק: אב-גד ו-E-WAVE יקימו 900 דירות,UNKNOWN,"Ab-Gad + E-WAVE won residents' tender, Kiryat Bialik, ~900 units",REPORTED_SECONDARY,2026-10-10,search-engine summary only; document not opened (fetch blocked)
SRC-010,https://www.nadlancenter.co.il/article/13825,"מרכז הנדל""ן",פרופדו נכנסת לפרויקט פינוי-בינוי בדרום קריית ביאליק,UNKNOWN,Profido: 36 -> up to 220 units,REPORTED_SECONDARY,2026-10-10,search-engine summary only; document not opened (fetch blocked)
SRC-011,https://nws.report/real-estate/51312/,NWS,"אזורים זכתה במכרז פינוי במתחם הגליל, קריית ביאליק",UNKNOWN,"Azorim, Galil complex, 112 -> ~700 units",REPORTED_SECONDARY,2026-10-10,search-engine summary only; document not opened (fetch blocked)
SRC-012,https://www.ynet.co.il/economy/article/hy11x1t1d11g,ynet,קריית ביאליק: התקדמות במתחם המיועד לפינוי בינוי,~2026-02 (search index: ~8 months),"Yesodot Eitanim + partner selected by owners, Ben Gurion St, 18 -> ~100 units",REPORTED_SECONDARY,2026-10-10,search-engine summary only; document not opened (fetch blocked)
SRC-013,https://www.nadlancenter.co.il/article/10580,"מרכז הנדל""ן","אאורה זכתה במכרז דיירים: תבנה כ-1,200 דירות בקריית מוצקין",UNKNOWN,"Aura, Hashmonaim 40-62, 236 -> ~1,200 units",REPORTED_SECONDARY,2026-10-10,search-engine summary only; document not opened (fetch blocked)
SRC-014,https://avgad-home.co.il/press-releases/,אב-גד (הודעה עצמית),הדיירים בקריית מוצקין בחרו יזמים,~2025-04 (search index: ~531 days),"Ab-Gad + Ewave, Derech Akko/Hahagana/Herzog, 72 -> ~340 units",REPORTED_PRIMARY (self-reported),2026-10-10,search-engine summary only; document not opened (fetch blocked)
SRC-015,https://hkn.co.il/archives/55555,HKN,קרית אתא מתחדשת: פינוי בינוי בכ-500 מיליון שקל,~2026-01 (search index: ~264 days),"Gashem Holdings, Sokolov/Ha'atzmaut, 84 -> ~400 units",REPORTED_SECONDARY,2026-10-10,search-engine summary only; document not opened (fetch blocked)
SRC-016,https://haifakrayot.co.il/archives/173642,חדשות חיפה והקריות,התחדשות עירונית בקרית אתא – המדריך המלא ל-2026,~2026-08 (item: ~67 days),"Gilad May won residents' tender, Avraham Tabib St, Kiryat Ata, ~300 units",REPORTED_SECONDARY,2026-10-10,search-engine summary only; document not opened (fetch blocked)
SRC-017,https://hkn.co.il/archives/58466,HKN,"קרית ים: 519 דירות חדשות ייבנו בשכונת צה""ל",UNKNOWN,"Rotshtein won two tenders, 96 -> 519 units",REPORTED_SECONDARY,2026-10-10,search-engine summary only; document not opened (fetch blocked)
SRC-018,https://magdilim.co.il/010420260853/,מגדילים,"חברת RENEW זכתה במכרז להקמת כ-2,200 דירות בנווה שאנן",2026-04-01 (from URL),"RENEW won developer tender, Neve Sha'anan, ~2,200 units",REPORTED_SECONDARY,2026-10-10,search-engine summary only; document not opened (fetch blocked)
SRC-019,https://www.bizportal.co.il/realestates/news/article/20033906,ביזפורטל,"מכרז ענק לאזורים: תבנה 1,030 דירות חדשות בחיפה",UNKNOWN,"Azorim, Leon Blum-Hana Senesh; organizer Avivim Urban Renewal; owners have counsel",REPORTED_SECONDARY,2026-10-10,search-engine summary only; document not opened (fetch blocked)
SRC-020,https://www.calcalist.co.il/real-estate/article/byi9vtlmgl,כלכליסט,"E-WAVE זכתה במכרז פינוי-בינוי בנווה שאנן, 570 דירות",~2025-06 (search index: ~16 months),"E-WAVE, Netiv Hahen; owner rep from Avivim",REPORTED_SECONDARY,2026-10-10,search-engine summary only; document not opened (fetch blocked)
SRC-021,https://magdilim.co.il/050120251346-2/,מגדילים,אאורה זכתה במכרז דיירים לקידום מתחם ענק בנשר,2025-01-05 (from URL),"Aura, Hamargania/Tzahal, 152 -> ~800 units",REPORTED_SECONDARY,2026-10-10,search-engine summary only; document not opened (fetch blocked)
SRC-022,https://magdilim.co.il/030420250945-2/,מגדילים,בעיר נשר בחרו חברה יזמית לקידום מתחם עם כ-950 דירות,2025-04-03 (from URL),170 -> ~950 units; developer name not confirmed (tag: Ewave),REPORTED_SECONDARY,2026-10-10,search-engine summary only; document not opened (fetch blocked)
SRC-023,https://www.nadlancenter.co.il/article/10274,"מרכז הנדל""ן","רוטשטיין זכתה במכרז התחדשות בטירת כרמל: 362 יח""ד",~2024-07 (search index: ~813 days),"Rotshtein, Tirat Carmel, 362 units",REPORTED_SECONDARY,2026-10-10,search-engine summary only; document not opened (fetch blocked)
SRC-024,https://ezra-law.co.il/projects/,יוסף עזרא ושות' (אתר משרד),מתחם ז'בוטינסקי-ויצמן-כלניות-נרקיסים טירת הכרמל,UNKNOWN,Owner-counsel firm; Nofei Romema selected after developer tender,REPORTED_PRIMARY (self-reported),2026-10-10,search-engine summary only; document not opened (fetch blocked)
SRC-025,https://www.b-g.org.il/,Bold Group (אתר),חברה מארגנת להתחדשות עירונית,UNKNOWN,Claims to manage developer tenders for owners,REPORTED_PRIMARY (marketing),2026-10-10,search-engine summary only; document not opened (fetch blocked)
SRC-026,https://magdilim.co.il/211220251152/,מגדילים,טירת כרמל – אושר מתחם פינוי בינוי ביאליק במרכז העיר,2025-12-21 (from URL),"District committee deposit, Bialik complex Tirat Carmel ~417 units; developer status UNKNOWN",REPORTED_SECONDARY,2026-10-10,search-engine summary only; document not opened (fetch blocked)
SRC-027,https://haipo.co.il/item/621416,חי פה,כ-30 אלף דירות חדשות בחיפה – תוכנית חפ/2666,~2026-04,"City-wide renewal plan deposited; policy, not a tender",REPORTED_SECONDARY,2026-10-10,search-engine summary only; document not opened (fetch blocked)
